{
  "HTTP Get Request" : {
    "transaction" : "HTTP Get Request",
    "sampleCount" : 10,
    "errorCount" : 0,
    "errorPct" : 0.0,
    "meanResTime" : 2320.7999999999997,
    "medianResTime" : 2309.0,
    "minResTime" : 1666.0,
    "maxResTime" : 3440.0,
    "pct1ResTime" : 3405.5,
    "pct2ResTime" : 3440.0,
    "pct3ResTime" : 3440.0,
    "throughput" : 2.7609055770292654,
    "receivedKBytesPerSec" : 228.38054553768637,
    "sentKBytesPerSec" : 0.6524796383213695
  },
  "HTTP Get Request-0" : {
    "transaction" : "HTTP Get Request-0",
    "sampleCount" : 10,
    "errorCount" : 0,
    "errorPct" : 0.0,
    "meanResTime" : 236.5,
    "medianResTime" : 191.5,
    "minResTime" : 155.0,
    "maxResTime" : 445.0,
    "pct1ResTime" : 445.0,
    "pct2ResTime" : 445.0,
    "pct3ResTime" : 445.0,
    "throughput" : 8.8261253309797,
    "receivedKBytesPerSec" : 5.5146044792586055,
    "sentKBytesPerSec" : 1.0429308252427185
  },
  "Total" : {
    "transaction" : "Total",
    "sampleCount" : 30,
    "errorCount" : 0,
    "errorPct" : 0.0,
    "meanResTime" : 1546.7999999999997,
    "medianResTime" : 1755.0,
    "minResTime" : 155.0,
    "maxResTime" : 3440.0,
    "pct1ResTime" : 3079.4000000000005,
    "pct2ResTime" : 3338.7999999999997,
    "pct3ResTime" : 3440.0,
    "throughput" : 8.282716731087797,
    "receivedKBytesPerSec" : 456.76109107537275,
    "sentKBytesPerSec" : 1.304959276642739
  },
  "HTTP Get Request-1" : {
    "transaction" : "HTTP Get Request-1",
    "sampleCount" : 10,
    "errorCount" : 0,
    "errorPct" : 0.0,
    "meanResTime" : 2083.1,
    "medianResTime" : 1920.5,
    "minResTime" : 1443.0,
    "maxResTime" : 3256.0,
    "pct1ResTime" : 3224.3,
    "pct2ResTime" : 3256.0,
    "pct3ResTime" : 3256.0,
    "throughput" : 2.9420417769932334,
    "receivedKBytesPerSec" : 241.5258279089438,
    "sentKBytesPerSec" : 0.34764360841423947
  }
}