{
  "HTTP Get Request" : {
    "transaction" : "HTTP Get Request",
    "sampleCount" : 100,
    "errorCount" : 69,
    "errorPct" : 69.0,
    "meanResTime" : 5686.1,
    "medianResTime" : 6000.5,
    "minResTime" : 1155.0,
    "maxResTime" : 9611.0,
    "pct1ResTime" : 7844.500000000001,
    "pct2ResTime" : 8435.699999999999,
    "pct3ResTime" : 9601.549999999996,
    "throughput" : 10.134792743488395,
    "receivedKBytesPerSec" : 290.34419498074385,
    "sentKBytesPerSec" : 2.3951365663322184
  },
  "HTTP Get Request-0" : {
    "transaction" : "HTTP Get Request-0",
    "sampleCount" : 100,
    "errorCount" : 0,
    "errorPct" : 0.0,
    "meanResTime" : 230.19999999999996,
    "medianResTime" : 187.5,
    "minResTime" : 159.0,
    "maxResTime" : 535.0,
    "pct1ResTime" : 319.8,
    "pct2ResTime" : 481.39999999999964,
    "pct3ResTime" : 534.9,
    "throughput" : 71.4796283059328,
    "receivedKBytesPerSec" : 44.65941073981415,
    "sentKBytesPerSec" : 8.446323266619013
  },
  "Total" : {
    "transaction" : "Total",
    "sampleCount" : 300,
    "errorCount" : 133,
    "errorPct" : 44.333332,
    "meanResTime" : 3790.3800000000015,
    "medianResTime" : 4535.0,
    "minResTime" : 159.0,
    "maxResTime" : 9611.0,
    "pct1ResTime" : 7276.1,
    "pct2ResTime" : 8011.5,
    "pct3ResTime" : 8663.810000000001,
    "throughput" : 30.404378230465188,
    "receivedKBytesPerSec" : 580.6883899614877,
    "sentKBytesPerSec" : 4.790273132664437
  },
  "HTTP Get Request-1" : {
    "transaction" : "HTTP Get Request-1",
    "sampleCount" : 100,
    "errorCount" : 64,
    "errorPct" : 64.0,
    "meanResTime" : 5454.840000000001,
    "medianResTime" : 5772.0,
    "minResTime" : 966.0,
    "maxResTime" : 9439.0,
    "pct1ResTime" : 7646.200000000001,
    "pct2ResTime" : 8113.199999999999,
    "pct3ResTime" : 9427.049999999994,
    "throughput" : 10.356255178127588,
    "receivedKBytesPerSec" : 290.21827425952773,
    "sentKBytesPerSec" : 1.223737184134217
  }
}