{
  "/catalog/termometry-18" : {
    "transaction" : "/catalog/termometry-18",
    "sampleCount" : 50,
    "errorCount" : 0,
    "errorPct" : 0.0,
    "meanResTime" : 2628.4000000000005,
    "medianResTime" : 2650.0,
    "minResTime" : 1629.0,
    "maxResTime" : 3817.0,
    "pct1ResTime" : 3040.6,
    "pct2ResTime" : 3131.35,
    "pct3ResTime" : 3817.0,
    "throughput" : 7.782101167315175,
    "receivedKBytesPerSec" : 110.91272495136187,
    "sentKBytesPerSec" : 3.328672178988327
  },
  "/order-27-1" : {
    "transaction" : "/order-27-1",
    "sampleCount" : 50,
    "errorCount" : 0,
    "errorPct" : 0.0,
    "meanResTime" : 2029.2199999999993,
    "medianResTime" : 2144.5,
    "minResTime" : 816.0,
    "maxResTime" : 3012.0,
    "pct1ResTime" : 2608.8,
    "pct2ResTime" : 2671.45,
    "pct3ResTime" : 3012.0,
    "throughput" : 10.869565217391305,
    "receivedKBytesPerSec" : 80.01804517663044,
    "sentKBytesPerSec" : 4.373301630434783
  },
  "/success.txt-20" : {
    "transaction" : "/success.txt-20",
    "sampleCount" : 50,
    "errorCount" : 0,
    "errorPct" : 0.0,
    "meanResTime" : 50.89999999999999,
    "medianResTime" : 51.0,
    "minResTime" : 43.0,
    "maxResTime" : 62.0,
    "pct1ResTime" : 57.9,
    "pct2ResTime" : 60.449999999999996,
    "pct3ResTime" : 62.0,
    "throughput" : 12.94665976178146,
    "receivedKBytesPerSec" : 2.73017745015536,
    "sentKBytesPerSec" : 4.121690510098395
  },
  "/order-27-0" : {
    "transaction" : "/order-27-0",
    "sampleCount" : 50,
    "errorCount" : 0,
    "errorPct" : 0.0,
    "meanResTime" : 850.44,
    "medianResTime" : 854.0,
    "minResTime" : 320.0,
    "maxResTime" : 1150.0,
    "pct1ResTime" : 1032.6,
    "pct2ResTime" : 1091.7999999999997,
    "pct3ResTime" : 1150.0,
    "throughput" : 10.550749103186325,
    "receivedKBytesPerSec" : 13.03223583561933,
    "sentKBytesPerSec" : 4.255331425406204
  },
  "/success.txt-21" : {
    "transaction" : "/success.txt-21",
    "sampleCount" : 50,
    "errorCount" : 0,
    "errorPct" : 0.0,
    "meanResTime" : 50.800000000000004,
    "medianResTime" : 51.5,
    "minResTime" : 42.0,
    "maxResTime" : 60.0,
    "pct1ResTime" : 57.9,
    "pct2ResTime" : 58.449999999999996,
    "pct3ResTime" : 60.0,
    "throughput" : 12.933264355923434,
    "receivedKBytesPerSec" : 2.7273526416192446,
    "sentKBytesPerSec" : 4.117425957061562
  },
  "/canonical.html-6" : {
    "transaction" : "/canonical.html-6",
    "sampleCount" : 50,
    "errorCount" : 0,
    "errorPct" : 0.0,
    "meanResTime" : 104.74,
    "medianResTime" : 104.5,
    "minResTime" : 87.0,
    "maxResTime" : 130.0,
    "pct1ResTime" : 121.8,
    "pct2ResTime" : 125.44999999999999,
    "pct3ResTime" : 130.0,
    "throughput" : 17.355085039916695,
    "receivedKBytesPerSec" : 5.050261953314822,
    "sentKBytesPerSec" : 5.491257375911142
  },
  "/success.txt-25" : {
    "transaction" : "/success.txt-25",
    "sampleCount" : 50,
    "errorCount" : 0,
    "errorPct" : 0.0,
    "meanResTime" : 50.98,
    "medianResTime" : 51.0,
    "minResTime" : 42.0,
    "maxResTime" : 60.0,
    "pct1ResTime" : 58.9,
    "pct2ResTime" : 60.0,
    "pct3ResTime" : 60.0,
    "throughput" : 11.665888940737284,
    "receivedKBytesPerSec" : 2.4600899002566496,
    "sentKBytesPerSec" : 3.713945111992534
  },
  "/success.txt-26" : {
    "transaction" : "/success.txt-26",
    "sampleCount" : 50,
    "errorCount" : 0,
    "errorPct" : 0.0,
    "meanResTime" : 50.76,
    "medianResTime" : 50.5,
    "minResTime" : 42.0,
    "maxResTime" : 62.0,
    "pct1ResTime" : 57.9,
    "pct2ResTime" : 59.449999999999996,
    "pct3ResTime" : 62.0,
    "throughput" : 11.663167716351762,
    "receivedKBytesPerSec" : 2.4595160514345698,
    "sentKBytesPerSec" : 3.713078784697924
  },
  "/success.txt-29" : {
    "transaction" : "/success.txt-29",
    "sampleCount" : 50,
    "errorCount" : 0,
    "errorPct" : 0.0,
    "meanResTime" : 51.01999999999999,
    "medianResTime" : 51.5,
    "minResTime" : 43.0,
    "maxResTime" : 60.0,
    "pct1ResTime" : 57.0,
    "pct2ResTime" : 58.449999999999996,
    "pct3ResTime" : 60.0,
    "throughput" : 22.341376228775694,
    "receivedKBytesPerSec" : 4.711324983243967,
    "sentKBytesPerSec" : 7.112586572832886
  },
  "/-5" : {
    "transaction" : "/-5",
    "sampleCount" : 50,
    "errorCount" : 0,
    "errorPct" : 0.0,
    "meanResTime" : 1893.3799999999997,
    "medianResTime" : 2005.0,
    "minResTime" : 830.0,
    "maxResTime" : 3019.0,
    "pct1ResTime" : 2723.6,
    "pct2ResTime" : 2800.35,
    "pct3ResTime" : 3019.0,
    "throughput" : 13.781697905181918,
    "receivedKBytesPerSec" : 212.9414988457828,
    "sentKBytesPerSec" : 5.49114525909592
  },
  "/canonical.html-13" : {
    "transaction" : "/canonical.html-13",
    "sampleCount" : 50,
    "errorCount" : 0,
    "errorPct" : 0.0,
    "meanResTime" : 51.30000000000001,
    "medianResTime" : 52.0,
    "minResTime" : 43.0,
    "maxResTime" : 61.0,
    "pct1ResTime" : 57.0,
    "pct2ResTime" : 58.449999999999996,
    "pct3ResTime" : 61.0,
    "throughput" : 12.171372930866601,
    "receivedKBytesPerSec" : 3.54182197845667,
    "sentKBytesPerSec" : 3.851098466407011
  },
  "/cart-23" : {
    "transaction" : "/cart-23",
    "sampleCount" : 50,
    "errorCount" : 0,
    "errorPct" : 0.0,
    "meanResTime" : 2340.1999999999994,
    "medianResTime" : 2374.0,
    "minResTime" : 1620.0,
    "maxResTime" : 3005.0,
    "pct1ResTime" : 2670.0,
    "pct2ResTime" : 2767.9,
    "pct3ResTime" : 3005.0,
    "throughput" : 7.838219156607618,
    "receivedKBytesPerSec" : 57.70046857853896,
    "sentKBytesPerSec" : 3.2608216413230915
  },
  "/catalog/add/914-22" : {
    "transaction" : "/catalog/add/914-22",
    "sampleCount" : 50,
    "errorCount" : 50,
    "errorPct" : 100.0,
    "meanResTime" : 877.9399999999999,
    "medianResTime" : 862.5,
    "minResTime" : 453.0,
    "maxResTime" : 2230.0,
    "pct1ResTime" : 1016.1,
    "pct2ResTime" : 1114.3999999999996,
    "pct3ResTime" : 2230.0,
    "throughput" : 10.245901639344261,
    "receivedKBytesPerSec" : 29.73392674180328,
    "sentKBytesPerSec" : 5.943423411885246
  },
  "/canonical.html-19" : {
    "transaction" : "/canonical.html-19",
    "sampleCount" : 50,
    "errorCount" : 0,
    "errorPct" : 0.0,
    "meanResTime" : 52.99999999999999,
    "medianResTime" : 52.0,
    "minResTime" : 42.0,
    "maxResTime" : 70.0,
    "pct1ResTime" : 62.0,
    "pct2ResTime" : 66.14999999999998,
    "pct3ResTime" : 70.0,
    "throughput" : 12.923235978288965,
    "receivedKBytesPerSec" : 3.760611188291548,
    "sentKBytesPerSec" : 4.088992633755492
  },
  "/success.txt-30" : {
    "transaction" : "/success.txt-30",
    "sampleCount" : 50,
    "errorCount" : 0,
    "errorPct" : 0.0,
    "meanResTime" : 51.02000000000001,
    "medianResTime" : 51.5,
    "minResTime" : 42.0,
    "maxResTime" : 62.0,
    "pct1ResTime" : 56.9,
    "pct2ResTime" : 60.0,
    "pct3ResTime" : 62.0,
    "throughput" : 22.331397945511387,
    "receivedKBytesPerSec" : 4.709220773782939,
    "sentKBytesPerSec" : 7.10940989280929
  },
  "/success.txt-10" : {
    "transaction" : "/success.txt-10",
    "sampleCount" : 50,
    "errorCount" : 0,
    "errorPct" : 0.0,
    "meanResTime" : 51.68,
    "medianResTime" : 52.0,
    "minResTime" : 42.0,
    "maxResTime" : 64.0,
    "pct1ResTime" : 59.9,
    "pct2ResTime" : 61.0,
    "pct3ResTime" : 64.0,
    "throughput" : 17.7430801987225,
    "receivedKBytesPerSec" : 3.741641345812633,
    "sentKBytesPerSec" : 5.64867592264017
  },
  "/success.txt-11" : {
    "transaction" : "/success.txt-11",
    "sampleCount" : 50,
    "errorCount" : 0,
    "errorPct" : 0.0,
    "meanResTime" : 51.80000000000001,
    "medianResTime" : 52.0,
    "minResTime" : 42.0,
    "maxResTime" : 76.0,
    "pct1ResTime" : 57.9,
    "pct2ResTime" : 60.449999999999996,
    "pct3ResTime" : 76.0,
    "throughput" : 17.72421127259837,
    "receivedKBytesPerSec" : 3.7376622873094645,
    "sentKBytesPerSec" : 5.642668823112371
  },