{
  "HTTP Get Request" : {
    "transaction" : "HTTP Get Request",
    "sampleCount" : 1000,
    "errorCount" : 946,
    "errorPct" : 94.6,
    "meanResTime" : 13745.994000000008,
    "medianResTime" : 11247.5,
    "minResTime" : 3116.0,
    "maxResTime" : 29687.0,
    "pct1ResTime" : 26247.9,
    "pct2ResTime" : 26971.499999999996,
    "pct3ResTime" : 28421.97,
    "throughput" : 33.649639948852546,
    "receivedKBytesPerSec" : 267.23719236868226,
    "sentKBytesPerSec" : 7.952356316037418
  },
  "HTTP Get Request-0" : {
    "transaction" : "HTTP Get Request-0",
    "sampleCount" : 1000,
    "errorCount" : 0,
    "errorPct" : 0.0,
    "meanResTime" : 334.253,
    "medianResTime" : 269.0,
    "minResTime" : 184.0,
    "maxResTime" : 5665.0,
    "pct1ResTime" : 523.0,
    "pct2ResTime" : 600.5999999999995,
    "pct3ResTime" : 720.0,
    "throughput" : 145.6876456876457,
    "receivedKBytesPerSec" : 90.93953735067016,
    "sentKBytesPerSec" : 17.21504407051282
  },
  "Total" : {
    "transaction" : "Total",
    "sampleCount" : 3000,
    "errorCount" : 1881,
    "errorPct" : 62.7,
    "meanResTime" : 9161.000333333328,
    "medianResTime" : 8649.5,
    "minResTime" : 184.0,
    "maxResTime" : 29687.0,
    "pct1ResTime" : 25154.8,
    "pct2ResTime" : 26395.55,
    "pct3ResTime" : 27733.809999999998,
    "throughput" : 100.94891984655764,
    "receivedKBytesPerSec" : 534.4743847373645,
    "sentKBytesPerSec" : 15.904712632074837
  },
  "HTTP Get Request-1" : {
    "transaction" : "HTTP Get Request-1",
    "sampleCount" : 1000,
    "errorCount" : 935,
    "errorPct" : 93.5,
    "meanResTime" : 13402.754,
    "medianResTime" : 10901.5,
    "minResTime" : 2710.0,
    "maxResTime" : 29445.0,
    "pct1ResTime" : 25884.4,
    "pct2ResTime" : 26659.8,
    "pct3ResTime" : 27921.350000000002,
    "throughput" : 33.94433129667346,
    "receivedKBytesPerSec" : 248.3892022551765,
    "sentKBytesPerSec" : 4.011000084860828
  }
}